Date,Expiration_Month,Volume
2026-09-30,202609W5,620987
2026-09-30,202610,13790
2026-09-30,202610F1,44399
2026-09-30,202610F2,631
2026-09-30,202610W1,7129
2026-09-30,202610W2,139
2026-09-30,202611,773
2026-09-30,202612,307
2026-09-30,202703,15
2026-09-30,202706,25
2026-10-01,202610,10262
2026-10-01,202610F1,293480
2026-10-01,202610F2,937
2026-10-01,202610W1,10437
2026-10-01,202610W2,787
2026-10-01,202611,1001
2026-10-01,202612,816
2026-10-01,202703,19
2026-10-01,202706,20
2026-10-02,202610,8930
2026-10-02,202610F1,583302
2026-10-02,202610F2,1632
2026-10-02,202610F3,269
2026-10-02,202610W1,37732
2026-10-02,202610W2,880
2026-10-02,202611,777
2026-10-02,202612,272
2026-10-02,202703,17
2026-10-02,202706,19
2026-10-05,202610,21780
2026-10-05,202610F2,7760
2026-10-05,202610F3,432
2026-10-05,202610W1,302190
2026-10-05,202610W2,2018
2026-10-05,202611,1821
2026-10-05,202612,407
2026-10-05,202703,156
2026-10-05,202706,137
2026-10-06,202610,11713
2026-10-06,202610F2,7877
2026-10-06,202610F3,335
2026-10-06,202610W1,308414
2026-10-06,202610W2,1922
2026-10-06,202611,1529
2026-10-06,202612,3693
2026-10-06,202703,70
2026-10-06,202706,123
